ID	variant	type	class
NM_003331.5(TYK2):c.3488A>G (p.Glu1163Gly)	Glu1163Gly	missense variant	Benign
NM_003331.5(TYK2):c.2107C>T (p.Arg703Trp)	Arg703Trp	missense variant	Benign
NM_003331.5(TYK2):c.2051T>G (p.Ile684Ser)	Ile684Ser	missense variant	Benign
NM_003331.5(TYK2):c.1087G>A (p.Gly363Ser)	Gly363Ser	missense variant	Benign
NM_003331.5(TYK2):c.1084G>T (p.Val362Phe)	Val362Phe	missense variant	Benign
NM_003331.5(TYK2):c.590G>A (p.Arg197His)	Arg197His	missense variant	Benign
NM_003331.5(TYK2):c.157G>A (p.Ala53Thr)	Ala53Thr	missense variant	Benign
NM_003331.5(TYK2):c.3310C>G (p.Pro1104Ala)	Pro1104Ala	missense variant	Benign/Likely benign
NM_003331.5(TYK2):c.2783C>T (p.Ala928Val)	Ala928Val	missense variant	Benign/Likely benign
NM_003331.5(TYK2):c.2459C>A (p.Pro820His)	Pro820His	missense variant	Benign/Likely benign
NM_003331.5(TYK2):c.44T>C (p.Val15Ala)	Val15Ala	missense variant	Benign/Likely benign
NM_003331.5(TYK2):c.2102G>C (p.Arg701Thr)	Arg701Thr	missense variant	Conflicting classifications of pathogenicity
NM_003331.5(TYK2):c.1646G>A (p.Arg549His)	Arg549His	missense variant	Conflicting classifications of pathogenicity
NM_003331.5(TYK2):c.1534G>A (p.Gly512Arg)	Gly512Arg	missense variant	Conflicting classifications of pathogenicity
NM_003331.5(TYK2):c.1394G>A (p.Arg465Gln)	Arg465Gln	missense variant	Conflicting classifications of pathogenicity
NM_003331.5(TYK2):c.1141C>T (p.Arg381Trp)	Arg381Trp	missense variant	Conflicting classifications of pathogenicity
NM_003331.5(TYK2):c.1108C>T (p.Arg370Trp)	Arg370Trp	missense variant	Conflicting classifications of pathogenicity
NM_003331.5(TYK2):c.1106C>T (p.Pro369Leu)	Pro369Leu	missense variant	Conflicting classifications of pathogenicity
NM_003331.5(TYK2):c.1082C>T (p.Ala361Val)	Ala361Val	missense variant	Conflicting classifications of pathogenicity
NM_003331.5(TYK2):c.805C>T (p.Arg269Cys)	Arg269Cys	missense variant	Conflicting classifications of pathogenicity
NM_003331.5(TYK2):c.691C>T (p.Arg231Trp)	Arg231Trp	missense variant	Conflicting classifications of pathogenicity
NM_003331.5(TYK2):c.662G>A (p.Arg221Gln)	Arg221Gln	missense variant	Conflicting classifications of pathogenicity
NM_003331.5(TYK2):c.353G>A (p.Arg118Gln)	Arg118Gln	missense variant	Conflicting classifications of pathogenicity
NM_003331.5(TYK2):c.10C>T (p.Arg4Cys)	Arg4Cys	missense variant	Conflicting classifications of pathogenicity
NM_003331.5(TYK2):c.2977C>T (p.His993Tyr)	His993Tyr	missense variant	Likely benign
NM_003331.5(TYK2):c.2611C>T (p.Pro871Ser)	Pro871Ser	missense variant	Likely benign
NM_003331.5(TYK2):c.2282G>T (p.Gly761Val)	Gly761Val	missense variant	Likely benign
NM_003331.5(TYK2):c.1901G>A (p.Gly634Glu)	Gly634Glu	missense variant	Likely benign
NM_003331.5(TYK2):c.1702C>T (p.Arg568Trp)	Arg568Trp	missense variant	Likely benign
NM_003331.5(TYK2):c.1159G>C (p.Val387Leu)	Val387Leu	missense variant|intron variant	Likely benign
NM_003331.5(TYK2):c.709G>A (p.Val237Ile)	Val237Ile	missense variant	Likely benign
NM_003331.5(TYK2):c.115G>A (p.Gly39Ser)	Gly39Ser	missense variant	Likely benign
NM_003331.5(TYK2):c.3388C>T (p.Arg1130Ter)	Arg1130Ter	nonsense	Likely pathogenic
NM_003331.5(TYK2):c.2466+1G>T		missense variant|splice donor variant	Likely pathogenic
NM_003331.5(TYK2):c.3041T>C (p.Leu1014Pro)	Leu1014Pro	missense variant	Pathogenic
NM_003331.5(TYK2):c.2573C>G (p.Ser858Ter)	Ser858Ter	nonsense	Pathogenic
NM_003331.5(TYK2):c.2488C>T (p.Gln830Ter)	Gln830Ter	nonsense	Pathogenic
NM_003331.5(TYK2):c.2395G>A (p.Gly799Arg)	Gly799Arg	missense variant	Pathogenic
NM_003331.5(TYK2):c.2393G>A (p.Trp798Ter)	Trp798Ter	nonsense	Pathogenic
NM_003331.5(TYK2):c.2303_2311del (p.Ser768_Glu771delinsTer)	Ser768_Glu771delinsTer	nonsense	Pathogenic
NM_003331.5(TYK2):c.2269C>G (p.Leu757Val)	Leu757Val	missense variant	Pathogenic
NM_003331.5(TYK2):c.1912C>T (p.Arg638Ter)	Arg638Ter	nonsense	Pathogenic
NM_003331.5(TYK2):c.1825C>T (p.Arg609Ter)	Arg609Ter	nonsense|intron variant	Pathogenic
NM_003331.5(TYK2):c.1253C>A (p.Ser418Ter)	Ser418Ter	nonsense	Pathogenic
NM_003331.5(TYK2):c.463C>T (p.Gln155Ter)	Gln155Ter	nonsense	Pathogenic
NM_003331.5(TYK2):c.460G>T (p.Glu154Ter)	Glu154Ter	nonsense	Pathogenic
NM_003331.5(TYK2):c.424C>T (p.Gln142Ter)	Gln142Ter	nonsense	Pathogenic
NM_003331.5(TYK2):c.3560G>A (p.Cys1187Tyr)	Cys1187Tyr	missense variant	Uncertain significance
NM_003331.5(TYK2):c.3556G>A (p.Val1186Met)	Val1186Met	missense variant	Uncertain significance
NM_003331.5(TYK2):c.3544T>C (p.Ser1182Pro)	Ser1182Pro	missense variant	Uncertain significance
NM_003331.5(TYK2):c.3542C>T (p.Pro1181Leu)	Pro1181Leu	missense variant	Uncertain significance
NM_003331.5(TYK2):c.3539C>T (p.Ala1180Val)	Ala1180Val	missense variant	Uncertain significance
NM_003331.5(TYK2):c.3532G>A (p.Gly1178Ser)	Gly1178Ser	missense variant	Uncertain significance
NM_003331.5(TYK2):c.3520G>A (p.Glu1174Lys)	Glu1174Lys	missense variant	Uncertain significance
NM_003331.5(TYK2):c.3487G>A (p.Glu1163Lys)	Glu1163Lys	missense variant	Uncertain significance
NM_003331.5(TYK2):c.3481A>G (p.Thr1161Ala)	Thr1161Ala	missense variant	Uncertain significance
NM_003331.5(TYK2):c.3475C>A (p.Arg1159Ser)	Arg1159Ser	missense variant	Uncertain significance
NM_003331.5(TYK2):c.3418T>A (p.Cys1140Ser)	Cys1140Ser	missense variant|intron variant	Uncertain significance
NM_003331.5(TYK2):c.3407G>A (p.Arg1136Gln)	Arg1136Gln	missense variant|intron variant	Uncertain significance
NM_003331.5(TYK2):c.3406C>T (p.Arg1136Trp)	Arg1136Trp	missense variant|intron variant	Uncertain significance
NM_003331.5(TYK2):c.3389G>A (p.Arg1130Gln)	Arg1130Gln	missense variant|intron variant	Uncertain significance
NM_003331.5(TYK2):c.3388C>G (p.Arg1130Gly)	Arg1130Gly	missense variant|intron variant	Uncertain significance
NM_003331.5(TYK2):c.3386A>G (p.Glu1129Gly)	Glu1129Gly	missense variant|intron variant	Uncertain significance
NM_003331.5(TYK2):c.3385G>C (p.Glu1129Gln)	Glu1129Gln	missense variant|intron variant	Uncertain significance
NM_003331.5(TYK2):c.3359C>G (p.Thr1120Arg)	Thr1120Arg	missense variant|intron variant	Uncertain significance
NM_003331.5(TYK2):c.3349G>T (p.Gly1117Cys)	Gly1117Cys	missense variant|intron variant	Uncertain significance
NM_003331.5(TYK2):c.3331C>T (p.Leu1111Phe)	Leu1111Phe	missense variant|intron variant	Uncertain significance
NM_003331.5(TYK2):c.3326T>G (p.Leu1109Arg)	Leu1109Arg	missense variant|intron variant	Uncertain significance
NM_003331.5(TYK2):c.3325C>T (p.Leu1109Phe)	Leu1109Phe	missense variant|intron variant	Uncertain significance
NM_003331.5(TYK2):c.3314C>G (p.Pro1105Arg)	Pro1105Arg	missense variant|intron variant	Uncertain significance
NM_003331.5(TYK2):c.3313C>G (p.Pro1105Ala)	Pro1105Ala	intron variant|missense variant	Uncertain significance
NM_003331.5(TYK2):c.3308G>C (p.Ser1103Thr)	Ser1103Thr	missense variant|intron variant	Uncertain significance
NM_003331.5(TYK2):c.3307A>G (p.Ser1103Gly)	Ser1103Gly	missense variant	Uncertain significance
NM_003331.5(TYK2):c.3290A>G (p.His1097Arg)	His1097Arg	missense variant|intron variant	Uncertain significance
NM_003331.5(TYK2):c.3242C>G (p.Ala1081Gly)	Ala1081Gly	missense variant|intron variant	Uncertain significance
NM_003331.5(TYK2):c.3239A>G (p.Tyr1080Cys)	Tyr1080Cys	missense variant	Uncertain significance
NM_003331.5(TYK2):c.3236A>G (p.Tyr1079Cys)	Tyr1079Cys	missense variant	Uncertain significance
NM_003331.5(TYK2):c.3227A>G (p.Tyr1076Cys)	Tyr1076Cys	missense variant|intron variant	Uncertain significance
NM_003331.5(TYK2):c.3215G>T (p.Cys1072Phe)	Cys1072Phe	missense variant|intron variant	Uncertain significance
NM_003331.5(TYK2):c.3191C>G (p.Pro1064Arg)	Pro1064Arg	missense variant	Uncertain significance
NM_003331.5(TYK2):c.3178G>C (p.Asp1060His)	Asp1060His	missense variant|intron variant	Uncertain significance
NM_003331.5(TYK2):c.3149A>C (p.Glu1050Ala)	Glu1050Ala	missense variant	Uncertain significance
NM_003331.5(TYK2):c.3096C>A (p.Asp1032Glu)	Asp1032Glu	missense variant	Uncertain significance
NM_003331.5(TYK2):c.3076G>A (p.Ala1026Thr)	Ala1026Thr	missense variant	Uncertain significance
NM_003331.5(TYK2):c.3070C>A (p.Leu1024Ile)	Leu1024Ile	missense variant	Uncertain significance
NM_003331.5(TYK2):c.3011C>G (p.Ala1004Gly)	Ala1004Gly	missense variant	Uncertain significance
NM_003331.5(TYK2):c.3004C>T (p.Leu1002Phe)	Leu1002Phe	missense variant	Uncertain significance
NM_003331.5(TYK2):c.2986G>C (p.Gly996Arg)	Gly996Arg	missense variant	Uncertain significance
NM_003331.5(TYK2):c.2983A>G (p.Ile995Val)	Ile995Val	missense variant	Uncertain significance
NM_003331.5(TYK2):c.2981G>A (p.Ser994Asn)	Ser994Asn	missense variant	Uncertain significance
NM_003331.5(TYK2):c.2979C>G (p.His993Gln)	His993Gln	missense variant	Uncertain significance
NM_003331.5(TYK2):c.2974C>T (p.Arg992Trp)	Arg992Trp	missense variant	Uncertain significance
NM_003331.5(TYK2):c.2966A>G (p.Tyr989Cys)	Tyr989Cys	missense variant	Uncertain significance
NM_003331.5(TYK2):c.2957T>C (p.Leu986Pro)	Leu986Pro	missense variant	Uncertain significance
NM_003331.5(TYK2):c.2953A>T (p.Ser985Cys)	Ser985Cys	missense variant	Uncertain significance
NM_003331.5(TYK2):c.2935G>A (p.Glu979Lys)	Glu979Lys	missense variant	Uncertain significance
NM_003331.5(TYK2):c.2917T>G (p.Ser973Ala)	Ser973Ala	missense variant	Uncertain significance
NM_003331.5(TYK2):c.2902G>T (p.Asp968Tyr)	Asp968Tyr	missense variant	Uncertain significance
NM_003331.5(TYK2):c.2900A>G (p.Glu967Gly)	Glu967Gly	missense variant	Uncertain significance
NM_003331.5(TYK2):c.2896T>G (p.Cys966Gly)	Cys966Gly	missense variant	Uncertain significance
NM_003331.5(TYK2):c.2885A>G (p.Tyr962Cys)	Tyr962Cys	missense variant	Uncertain significance
NM_003331.5(TYK2):c.2843T>C (p.Ile948Thr)	Ile948Thr	missense variant	Uncertain significance
NM_003331.5(TYK2):c.2821C>T (p.Arg941Cys)	Arg941Cys	missense variant	Uncertain significance
NM_003331.5(TYK2):c.2821C>G (p.Arg941Gly)	Arg941Gly	missense variant	Uncertain significance
NM_003331.5(TYK2):c.2812C>G (p.Pro938Ala)	Pro938Ala	missense variant	Uncertain significance
NM_003331.5(TYK2):c.2792C>T (p.Ala931Val)	Ala931Val	missense variant	Uncertain significance
NM_003331.5(TYK2):c.2778G>A (p.Met926Ile)	Met926Ile	missense variant	Uncertain significance
NM_003331.5(TYK2):c.2740T>C (p.Tyr914His)	Tyr914His	missense variant	Uncertain significance
NM_003331.5(TYK2):c.2707C>G (p.Leu903Val)	Leu903Val	missense variant	Uncertain significance
NM_003331.5(TYK2):c.2687A>G (p.Tyr896Cys)	Tyr896Cys	missense variant	Uncertain significance
NM_003331.5(TYK2):c.2664C>G (p.Asp888Glu)	Asp888Glu	missense variant	Uncertain significance
NM_003331.5(TYK2):c.2664C>A (p.Asp888Glu)	Asp888Glu	missense variant	Uncertain significance
NM_003331.5(TYK2):c.2660C>G (p.Ser887Trp)	Ser887Trp	missense variant	Uncertain significance
NM_003331.5(TYK2):c.2657C>T (p.Ala886Val)	Ala886Val	missense variant	Uncertain significance
NM_003331.5(TYK2):c.2657C>A (p.Ala886Glu)	Ala886Glu	missense variant	Uncertain significance
NM_003331.5(TYK2):c.2654C>A (p.Pro885Gln)	Pro885Gln	missense variant	Uncertain significance
NM_003331.5(TYK2):c.2653C>A (p.Pro885Thr)	Pro885Thr	missense variant	Uncertain significance
NM_003331.5(TYK2):c.2648A>G (p.Asp883Gly)	Asp883Gly	missense variant	Uncertain significance
NM_003331.5(TYK2):c.2645C>T (p.Pro882Leu)	Pro882Leu	missense variant	Uncertain significance
NM_003331.5(TYK2):c.2644C>G (p.Pro882Ala)	Pro882Ala	missense variant	Uncertain significance
NM_003331.5(TYK2):c.2629G>A (p.Val877Ile)	Val877Ile	missense variant	Uncertain significance
NM_003331.5(TYK2):c.2616C>G (p.His872Gln)	His872Gln	missense variant	Uncertain significance
NM_003331.5(TYK2):c.2603G>A (p.Arg868Gln)	Arg868Gln	missense variant	Uncertain significance
NM_003331.5(TYK2):c.2602C>T (p.Arg868Trp)	Arg868Trp	missense variant	Uncertain significance
NM_003331.5(TYK2):c.2569C>T (p.Pro857Ser)	Pro857Ser	missense variant	Uncertain significance
NM_003331.5(TYK2):c.2564A>G (p.Gln855Arg)	Gln855Arg	missense variant	Uncertain significance
NM_003331.5(TYK2):c.2558C>G (p.Pro853Arg)	Pro853Arg	missense variant	Uncertain significance
NM_003331.5(TYK2):c.2534C>T (p.Thr845Ile)	Thr845Ile	missense variant	Uncertain significance
NM_003331.5(TYK2):c.2528C>T (p.Thr843Ile)	Thr843Ile	missense variant	Uncertain significance
NM_003331.5(TYK2):c.2515C>G (p.Pro839Ala)	Pro839Ala	missense variant	Uncertain significance
NM_003331.5(TYK2):c.2506C>T (p.Pro836Ser)	Pro836Ser	missense variant	Uncertain significance
NM_003331.5(TYK2):c.2503G>C (p.Glu835Gln)	Glu835Gln	missense variant	Uncertain significance
NM_003331.5(TYK2):c.2500C>T (p.Pro834Ser)	Pro834Ser	missense variant	Uncertain significance
NM_003331.5(TYK2):c.2495G>A (p.Arg832Gln)	Arg832Gln	missense variant	Uncertain significance
NM_003331.5(TYK2):c.2494C>T (p.Arg832Trp)	Arg832Trp	missense variant	Uncertain significance
NM_003331.5(TYK2):c.2458C>A (p.Pro820Thr)	Pro820Thr	missense variant	Uncertain significance
NM_003331.5(TYK2):c.2456G>A (p.Ser819Asn)	Ser819Asn	missense variant	Uncertain significance
NM_003331.5(TYK2):c.2453G>A (p.Arg818His)	Arg818His	missense variant	Uncertain significance
NM_003331.5(TYK2):c.2452C>T (p.Arg818Cys)	Arg818Cys	missense variant	Uncertain significance
NM_003331.5(TYK2):c.2450G>A (p.Ser817Asn)	Ser817Asn	missense variant	Uncertain significance
NM_003331.5(TYK2):c.2448G>C (p.Gln816His)	Gln816His	missense variant	Uncertain significance
NM_003331.5(TYK2):c.2441C>T (p.Pro814Leu)	Pro814Leu	missense variant	Uncertain significance
NM_003331.5(TYK2):c.2437G>T (p.Ala813Ser)	Ala813Ser	missense variant	Uncertain significance
NM_003331.5(TYK2):c.2435A>G (p.Glu812Gly)	Glu812Gly	missense variant	Uncertain significance
NM_003331.5(TYK2):c.2429A>T (p.Asp810Val)	Asp810Val	missense variant	Uncertain significance
NM_003331.5(TYK2):c.2404G>A (p.Ala802Thr)	Ala802Thr	missense variant	Uncertain significance
NM_003331.5(TYK2):c.2383A>G (p.Met795Val)	Met795Val	missense variant	Uncertain significance
NM_003331.5(TYK2):c.2380G>A (p.Ala794Thr)	Ala794Thr	missense variant	Uncertain significance
NM_003331.5(TYK2):c.2360G>A (p.Gly787Glu)	Gly787Glu	missense variant	Uncertain significance
NM_003331.5(TYK2):c.2359G>A (p.Gly787Arg)	Gly787Arg	missense variant	Uncertain significance
NM_003331.5(TYK2):c.2357G>A (p.Gly786Asp)	Gly786Asp	missense variant	Uncertain significance
NM_003331.5(TYK2):c.2353C>T (p.Pro785Ser)	Pro785Ser	missense variant	Uncertain significance
NM_003331.5(TYK2):c.2350C>G (p.Leu784Val)	Leu784Val	missense variant	Uncertain significance
NM_003331.5(TYK2):c.2344G>A (p.Glu782Lys)	Glu782Lys	missense variant	Uncertain significance
NM_003331.5(TYK2):c.2339C>T (p.Ala780Val)	Ala780Val	missense variant	Uncertain significance
NM_003331.5(TYK2):c.2315G>A (p.Arg772Gln)	Arg772Gln	missense variant	Uncertain significance
NM_003331.5(TYK2):c.2314C>T (p.Arg772Trp)	Arg772Trp	missense variant	Uncertain significance
NM_003331.5(TYK2):c.2306G>A (p.Arg769Lys)	Arg769Lys	missense variant	Uncertain significance
NM_003331.5(TYK2):c.2305A>G (p.Arg769Gly)	Arg769Gly	missense variant	Uncertain significance
NM_003331.5(TYK2):c.2300T>C (p.Leu767Pro)	Leu767Pro	missense variant	Uncertain significance
NM_003331.5(TYK2):c.2293G>A (p.Gly765Ser)	Gly765Ser	missense variant	Uncertain significance
NM_003331.5(TYK2):c.2273G>C (p.Ser758Thr)	Ser758Thr	missense variant	Uncertain significance
NM_003331.5(TYK2):c.2249G>C (p.Gly750Ala)	Gly750Ala	missense variant	Uncertain significance
NM_003331.5(TYK2):c.2231G>A (p.Arg744Gln)	Arg744Gln	missense variant	Uncertain significance
NM_003331.5(TYK2):c.2230C>T (p.Arg744Trp)	Arg744Trp	missense variant	Uncertain significance
NM_003331.5(TYK2):c.2228C>T (p.Ala743Val)	Ala743Val	missense variant	Uncertain significance
NM_003331.5(TYK2):c.2221C>G (p.Leu741Val)	Leu741Val	missense variant	Uncertain significance
NM_003331.5(TYK2):c.2218A>G (p.Ile740Val)	Ile740Val	missense variant	Uncertain significance
NM_003331.5(TYK2):c.2213G>A (p.Arg738Gln)	Arg738Gln	missense variant	Uncertain significance
NM_003331.5(TYK2):c.2204T>C (p.Val735Ala)	Val735Ala	missense variant	Uncertain significance
NM_003331.5(TYK2):c.2203G>A (p.Val735Met)	Val735Met	missense variant	Uncertain significance
NM_003331.5(TYK2):c.2197G>A (p.Gly733Ser)	Gly733Ser	missense variant	Uncertain significance
NM_003331.5(TYK2):c.2188C>G (p.Leu730Val)	Leu730Val	missense variant	Uncertain significance
NM_003331.5(TYK2):c.2177A>T (p.Glu726Val)	Glu726Val	missense variant	Uncertain significance
NM_003331.5(TYK2):c.2171A>C (p.Tyr724Ser)	Tyr724Ser	missense variant	Uncertain significance
NM_003331.5(TYK2):c.2138T>G (p.Val713Gly)	Val713Gly	missense variant	Uncertain significance
NM_003331.5(TYK2):c.2124G>A (p.Met708Ile)	Met708Ile	missense variant	Uncertain significance
NM_003331.5(TYK2):c.2108G>A (p.Arg703Gln)	Arg703Gln	missense variant	Uncertain significance
NM_003331.5(TYK2):c.2099G>A (p.Arg700Gln)	Arg700Gln	missense variant	Uncertain significance
NM_003331.5(TYK2):c.2077G>C (p.Gly693Arg)	Gly693Arg	missense variant	Uncertain significance
NM_003331.5(TYK2):c.2077G>A (p.Gly693Arg)	Gly693Arg	missense variant	Uncertain significance
NM_003331.5(TYK2):c.2068G>A (p.Val690Met)	Val690Met	missense variant	Uncertain significance
NM_003331.5(TYK2):c.2044_2045delinsAT (p.Glu682Ile)	Glu682Ile	missense variant	Uncertain significance
NM_003331.5(TYK2):c.2041C>T (p.Pro681Ser)	Pro681Ser	missense variant	Uncertain significance
NM_003331.5(TYK2):c.2038G>A (p.Gly680Ser)	Gly680Ser	missense variant	Uncertain significance
NM_003331.5(TYK2):c.2036G>A (p.Arg679His)	Arg679His	missense variant	Uncertain significance
NM_003331.5(TYK2):c.2036G>C (p.Arg679Pro)	Arg679Pro	missense variant	Uncertain significance
NM_003331.5(TYK2):c.2035C>T (p.Arg679Cys)	Arg679Cys	missense variant	Uncertain significance
NM_003331.5(TYK2):c.2033T>C (p.Val678Ala)	Val678Ala	missense variant	Uncertain significance
NM_003331.5(TYK2):c.2032G>A (p.Val678Met)	Val678Met	missense variant	Uncertain significance
NM_003331.5(TYK2):c.2026G>A (p.Val676Ile)	Val676Ile	missense variant	Uncertain significance
NM_003331.5(TYK2):c.2023G>A (p.Gly675Ser)	Gly675Ser	missense variant	Uncertain significance
NM_003331.5(TYK2):c.2017G>A (p.Val673Met)	Val673Met	missense variant	Uncertain significance
NM_003331.5(TYK2):c.2017G>T (p.Val673Leu)	Val673Leu	missense variant	Uncertain significance
NM_003331.5(TYK2):c.2011G>A (p.Ala671Thr)	Ala671Thr	missense variant	Uncertain significance
NM_003331.5(TYK2):c.2003C>T (p.Thr668Met)	Thr668Met	missense variant	Uncertain significance
NM_003331.5(TYK2):c.1978A>G (p.Ser660Gly)	Ser660Gly	missense variant	Uncertain significance
NM_003331.5(TYK2):c.1954G>A (p.Ala652Thr)	Ala652Thr	missense variant|intron variant	Uncertain significance
NM_003331.5(TYK2):c.1936C>T (p.Pro646Ser)	Pro646Ser	missense variant|intron variant	Uncertain significance
NM_003331.5(TYK2):c.1925A>G (p.Lys642Arg)	Lys642Arg	missense variant|intron variant	Uncertain significance
NM_003331.5(TYK2):c.1919T>C (p.Val640Ala)	Val640Ala	missense variant|intron variant	Uncertain significance
NM_003331.5(TYK2):c.1913G>T (p.Arg638Leu)	Arg638Leu	missense variant|intron variant	Uncertain significance
NM_003331.5(TYK2):c.1913G>A (p.Arg638Gln)	Arg638Gln	missense variant	Uncertain significance
NM_003331.5(TYK2):c.1898G>A (p.Arg633His)	Arg633His	missense variant	Uncertain significance
NM_003331.5(TYK2):c.1897C>T (p.Arg633Cys)	Arg633Cys	missense variant|intron variant	Uncertain significance
NM_003331.5(TYK2):c.1882G>A (p.Val628Met)	Val628Met	missense variant|intron variant	Uncertain significance
NM_003331.5(TYK2):c.1877C>A (p.Pro626His)	Pro626His	missense variant|intron variant	Uncertain significance
NM_003331.5(TYK2):c.1860G>C (p.Lys620Asn)	Lys620Asn	missense variant|intron variant	Uncertain significance
NM_003331.5(TYK2):c.1855G>T (p.Gly619Cys)	Gly619Cys	missense variant|intron variant	Uncertain significance
NM_003331.5(TYK2):c.1841G>A (p.Gly614Glu)	Gly614Glu	missense variant|intron variant	Uncertain significance
NM_003331.5(TYK2):c.1840G>A (p.Gly614Arg)	Gly614Arg	missense variant|intron variant	Uncertain significance
NM_003331.5(TYK2):c.1826G>A (p.Arg609Gln)	Arg609Gln	missense variant|intron variant	Uncertain significance
NM_003331.5(TYK2):c.1820G>A (p.Arg607His)	Arg607His	missense variant	Uncertain significance
NM_003331.5(TYK2):c.1819C>T (p.Arg607Cys)	Arg607Cys	missense variant	Uncertain significance
NM_003331.5(TYK2):c.1807G>A (p.Val603Met)	Val603Met	missense variant	Uncertain significance
NM_003331.5(TYK2):c.1805A>G (p.Asn602Ser)	Asn602Ser	missense variant|intron variant	Uncertain significance
NM_003331.5(TYK2):c.1787G>C (p.Gly596Ala)	Gly596Ala	missense variant|intron variant	Uncertain significance
NM_003331.5(TYK2):c.1767C>G (p.Ile589Met)	Ile589Met	missense variant	Uncertain significance
NM_003331.5(TYK2):c.1762G>A (p.Glu588Lys)	Glu588Lys	missense variant	Uncertain significance
NM_003331.5(TYK2):c.1748G>A (p.Arg583Gln)	Arg583Gln	missense variant	Uncertain significance
NM_003331.5(TYK2):c.1747C>T (p.Arg583Trp)	Arg583Trp	missense variant	Uncertain significance
NM_003331.5(TYK2):c.1745A>G (p.His582Arg)	His582Arg	missense variant	Uncertain significance
NM_003331.5(TYK2):c.1711C>T (p.Pro571Ser)	Pro571Ser	missense variant	Uncertain significance
NM_003331.5(TYK2):c.1705G>A (p.Ala569Thr)	Ala569Thr	missense variant	Uncertain significance
NM_003331.5(TYK2):c.1699G>A (p.Ala567Thr)	Ala567Thr	missense variant	Uncertain significance
NM_003331.5(TYK2):c.1694G>A (p.Arg565Gln)	Arg565Gln	missense variant	Uncertain significance
NM_003331.5(TYK2):c.1691T>C (p.Met564Thr)	Met564Thr	missense variant	Uncertain significance
NM_003331.5(TYK2):c.1691T>G (p.Met564Arg)	Met564Arg	missense variant	Uncertain significance
NM_003331.5(TYK2):c.1678A>C (p.Asn560His)	Asn560His	missense variant	Uncertain significance
NM_003331.5(TYK2):c.1663C>T (p.Pro555Ser)	Pro555Ser	missense variant	Uncertain significance
NM_003331.5(TYK2):c.1653C>G (p.Cys551Trp)	Cys551Trp	missense variant	Uncertain significance
NM_003331.5(TYK2):c.1645C>T (p.Arg549Cys)	Arg549Cys	missense variant	Uncertain significance
NM_003331.5(TYK2):c.1643G>T (p.Arg548Leu)	Arg548Leu	missense variant	Uncertain significance
NM_003331.5(TYK2):c.1643G>A (p.Arg548His)	Arg548His	missense variant	Uncertain significance
NM_003331.5(TYK2):c.1642C>T (p.Arg548Cys)	Arg548Cys	missense variant	Uncertain significance
NM_003331.5(TYK2):c.1627G>A (p.Asp543Asn)	Asp543Asn	missense variant	Uncertain significance
NM_003331.5(TYK2):c.1621G>A (p.Gly541Arg)	Gly541Arg	missense variant	Uncertain significance
NM_003331.5(TYK2):c.1585C>T (p.Leu529Phe)	Leu529Phe	missense variant	Uncertain significance
NM_003331.5(TYK2):c.1580G>A (p.Arg527Gln)	Arg527Gln	missense variant	Uncertain significance
NM_003331.5(TYK2):c.1579C>T (p.Arg527Trp)	Arg527Trp	missense variant|intron variant	Uncertain significance
NM_003331.5(TYK2):c.1579C>G (p.Arg527Gly)	Arg527Gly	missense variant	Uncertain significance
NM_003331.5(TYK2):c.1576G>A (p.Val526Ile)	Val526Ile	missense variant	Uncertain significance
NM_003331.5(TYK2):c.1571C>G (p.Pro524Arg)	Pro524Arg	missense variant|intron variant	Uncertain significance
NM_003331.5(TYK2):c.1562G>C (p.Arg521Pro)	Arg521Pro	missense variant|intron variant	Uncertain significance
NM_003331.5(TYK2):c.1561C>G (p.Arg521Gly)	Arg521Gly	missense variant|intron variant	Uncertain significance
NM_003331.5(TYK2):c.1559G>A (p.Gly520Asp)	Gly520Asp	missense variant	Uncertain significance
NM_003331.5(TYK2):c.1543G>A (p.Val515Met)	Val515Met	missense variant|intron variant	Uncertain significance
NM_003331.5(TYK2):c.1535G>A (p.Gly512Glu)	Gly512Glu	missense variant|intron variant	Uncertain significance
NM_003331.5(TYK2):c.1534G>C (p.Gly512Arg)	Gly512Arg	missense variant|intron variant	Uncertain significance
NM_003331.5(TYK2):c.1531G>T (p.Asp511Tyr)	Asp511Tyr	missense variant	Uncertain significance
NM_003331.5(TYK2):c.1508G>A (p.Arg503Gln)	Arg503Gln	missense variant	Uncertain significance
NM_003331.5(TYK2):c.1502G>A (p.Arg501Gln)	Arg501Gln	missense variant	Uncertain significance
NM_003331.5(TYK2):c.1501C>T (p.Arg501Trp)	Arg501Trp	missense variant	Uncertain significance
NM_003331.5(TYK2):c.1489A>C (p.Met497Leu)	Met497Leu	missense variant	Uncertain significance
NM_003331.5(TYK2):c.1486G>A (p.Gly496Ser)	Gly496Ser	missense variant	Uncertain significance
NM_003331.5(TYK2):c.1469G>A (p.Arg490His)	Arg490His	missense variant	Uncertain significance
NM_003331.5(TYK2):c.1468C>T (p.Arg490Cys)	Arg490Cys	missense variant	Uncertain significance
NM_003331.5(TYK2):c.1466A>G (p.Gln489Arg)	Gln489Arg	missense variant	Uncertain significance
NM_003331.5(TYK2):c.1459G>A (p.Val487Met)	Val487Met	missense variant	Uncertain significance
NM_003331.5(TYK2):c.1444C>T (p.Arg482Cys)	Arg482Cys	missense variant	Uncertain significance
NM_003331.5(TYK2):c.1444C>G (p.Arg482Gly)	Arg482Gly	missense variant	Uncertain significance
NM_003331.5(TYK2):c.1433G>T (p.Ser478Ile)	Ser478Ile	missense variant	Uncertain significance
NM_003331.5(TYK2):c.1415T>A (p.Leu472His)	Leu472His	missense variant	Uncertain significance
NM_003331.5(TYK2):c.1399G>A (p.Glu467Lys)	Glu467Lys	missense variant	Uncertain significance
NM_003331.5(TYK2):c.1393C>T (p.Arg465Trp)	Arg465Trp	missense variant	Uncertain significance
NM_003331.5(TYK2):c.1388A>G (p.Lys463Arg)	Lys463Arg	missense variant	Uncertain significance
NM_003331.5(TYK2):c.1378G>A (p.Val460Met)	Val460Met	missense variant	Uncertain significance
NM_003331.5(TYK2):c.1375T>C (p.Phe459Leu)	Phe459Leu	missense variant	Uncertain significance
NM_003331.5(TYK2):c.1342C>T (p.Arg448Trp)	Arg448Trp	missense variant	Uncertain significance
NM_003331.5(TYK2):c.1327C>G (p.Leu443Val)	Leu443Val	missense variant	Uncertain significance
NM_003331.5(TYK2):c.1325G>A (p.Arg442Gln)	Arg442Gln	missense variant	Uncertain significance
NM_003331.5(TYK2):c.1324C>T (p.Arg442Trp)	Arg442Trp	missense variant	Uncertain significance
NM_003331.5(TYK2):c.1322C>G (p.Pro441Arg)	Pro441Arg	missense variant	Uncertain significance
NM_003331.5(TYK2):c.1297T>C (p.Tyr433His)	Tyr433His	missense variant	Uncertain significance
NM_003331.5(TYK2):c.1292G>A (p.Ser431Asn)	Ser431Asn	missense variant	Uncertain significance
NM_003331.5(TYK2):c.1285G>A (p.Asp429Asn)	Asp429Asn	missense variant	Uncertain significance
NM_003331.5(TYK2):c.1282G>A (p.Ala428Thr)	Ala428Thr	missense variant	Uncertain significance
NM_003331.5(TYK2):c.1280C>T (p.Thr427Met)	Thr427Met	missense variant	Uncertain significance
NM_003331.5(TYK2):c.1274G>A (p.Arg425His)	Arg425His	missense variant	Uncertain significance
NM_003331.5(TYK2):c.1273C>T (p.Arg425Cys)	Arg425Cys	missense variant	Uncertain significance
NM_003331.5(TYK2):c.1255C>G (p.Leu419Val)	Leu419Val	missense variant	Uncertain significance
NM_003331.5(TYK2):c.1249G>A (p.Val417Met)	Val417Met	missense variant	Uncertain significance
NM_003331.5(TYK2):c.1238C>T (p.Ala413Val)	Ala413Val	missense variant	Uncertain significance
NM_003331.5(TYK2):c.1235C>G (p.Ala412Gly)	Ala412Gly	missense variant	Uncertain significance
NM_003331.5(TYK2):c.1235C>T (p.Ala412Val)	Ala412Val	missense variant	Uncertain significance
NM_003331.5(TYK2):c.1229G>A (p.Arg410Gln)	Arg410Gln	missense variant	Uncertain significance
NM_003331.5(TYK2):c.1228C>T (p.Arg410Trp)	Arg410Trp	missense variant	Uncertain significance
NM_003331.5(TYK2):c.1226C>T (p.Ser409Phe)	Ser409Phe	missense variant	Uncertain significance
NM_003331.5(TYK2):c.1207C>G (p.Leu403Val)	Leu403Val	missense variant	Uncertain significance
NM_003331.5(TYK2):c.1200C>G (p.Asn400Lys)	Asn400Lys	missense variant	Uncertain significance
NM_003331.5(TYK2):c.1189C>T (p.Arg397Trp)	Arg397Trp	missense variant|intron variant	Uncertain significance
NM_003331.5(TYK2):c.1156G>A (p.Val386Met)	Val386Met	missense variant	Uncertain significance
NM_003331.5(TYK2):c.1151C>G (p.Thr384Ser)	Thr384Ser	missense variant|intron variant	Uncertain significance
NM_003331.5(TYK2):c.1142G>A (p.Arg381Gln)	Arg381Gln	missense variant|intron variant	Uncertain significance
NM_003331.5(TYK2):c.1132T>C (p.Cys378Arg)	Cys378Arg	missense variant|intron variant	Uncertain significance
NM_003331.5(TYK2):c.1094C>T (p.Pro365Leu)	Pro365Leu	missense variant	Uncertain significance
NM_003331.5(TYK2):c.1081G>T (p.Ala361Ser)	Ala361Ser	missense variant|intron variant	Uncertain significance
NM_003331.5(TYK2):c.1073C>T (p.Ala358Val)	Ala358Val	missense variant|intron variant	Uncertain significance
NM_003331.5(TYK2):c.1055T>C (p.Phe352Ser)	Phe352Ser	missense variant|intron variant	Uncertain significance
NM_003331.5(TYK2):c.1045G>A (p.Ala349Thr)	Ala349Thr	missense variant|intron variant	Uncertain significance
NM_003331.5(TYK2):c.1019G>A (p.Ser340Asn)	Ser340Asn	missense variant	Uncertain significance
NM_003331.5(TYK2):c.1007A>G (p.Glu336Gly)	Glu336Gly	missense variant	Uncertain significance
NM_003331.5(TYK2):c.1000A>G (p.Asn334Asp)	Asn334Asp	missense variant	Uncertain significance
NM_003331.5(TYK2):c.994G>A (p.Glu332Lys)	Glu332Lys	missense variant	Uncertain significance
NM_003331.5(TYK2):c.991G>A (p.Glu331Lys)	Glu331Lys	missense variant	Uncertain significance
NM_003331.5(TYK2):c.985G>A (p.Val329Ile)	Val329Ile	missense variant	Uncertain significance
NM_003331.5(TYK2):c.975G>T (p.Gln325His)	Gln325His	missense variant	Uncertain significance
NM_003331.5(TYK2):c.970A>G (p.Ile324Val)	Ile324Val	missense variant	Uncertain significance
NM_003331.5(TYK2):c.938C>T (p.Thr313Ile)	Thr313Ile	missense variant	Uncertain significance
NM_003331.5(TYK2):c.937A>G (p.Thr313Ala)	Thr313Ala	missense variant	Uncertain significance
NM_003331.5(TYK2):c.935C>T (p.Pro312Leu)	Pro312Leu	missense variant	Uncertain significance
NM_003331.5(TYK2):c.932C>T (p.Pro311Leu)	Pro311Leu	missense variant	Uncertain significance
NM_003331.5(TYK2):c.881G>A (p.Arg294Gln)	Arg294Gln	missense variant	Uncertain significance
NM_003331.5(TYK2):c.880C>T (p.Arg294Trp)	Arg294Trp	missense variant	Uncertain significance
NM_003331.5(TYK2):c.871T>C (p.Cys291Arg)	Cys291Arg	missense variant	Uncertain significance
NM_003331.5(TYK2):c.861G>T (p.Glu287Asp)	Glu287Asp	missense variant	Uncertain significance
NM_003331.5(TYK2):c.859G>C (p.Glu287Gln)	Glu287Gln	missense variant	Uncertain significance
NM_003331.5(TYK2):c.859G>A (p.Glu287Lys)	Glu287Lys	missense variant	Uncertain significance
NM_003331.5(TYK2):c.850G>A (p.Ala284Thr)	Ala284Thr	missense variant	Uncertain significance
NM_003331.5(TYK2):c.844C>G (p.Leu282Val)	Leu282Val	missense variant	Uncertain significance
NM_003331.5(TYK2):c.835C>A (p.His279Asn)	His279Asn	missense variant	Uncertain significance
NM_003331.5(TYK2):c.829G>T (p.Val277Leu)	Val277Leu	missense variant	Uncertain significance
NM_003331.5(TYK2):c.829G>A (p.Val277Met)	Val277Met	missense variant	Uncertain significance
NM_003331.5(TYK2):c.821G>A (p.Arg274His)	Arg274His	missense variant	Uncertain significance
NM_003331.5(TYK2):c.820C>T (p.Arg274Cys)	Arg274Cys	missense variant	Uncertain significance
NM_003331.5(TYK2):c.809T>C (p.Phe270Ser)	Phe270Ser	missense variant	Uncertain significance
NM_003331.5(TYK2):c.806G>T (p.Arg269Leu)	Arg269Leu	missense variant	Uncertain significance
NM_003331.5(TYK2):c.806G>A (p.Arg269His)	Arg269His	missense variant	Uncertain significance
NM_003331.5(TYK2):c.794G>A (p.Arg265Gln)	Arg265Gln	missense variant	Uncertain significance
NM_003331.5(TYK2):c.793C>T (p.Arg265Trp)	Arg265Trp	missense variant	Uncertain significance
NM_003331.5(TYK2):c.766A>G (p.Met256Val)	Met256Val	missense variant	Uncertain significance
NM_003331.5(TYK2):c.762G>A (p.Met254Ile)	Met254Ile	missense variant	Uncertain significance
NM_003331.5(TYK2):c.749T>C (p.Leu250Pro)	Leu250Pro	missense variant	Uncertain significance
NM_003331.5(TYK2):c.740C>A (p.Pro247Gln)	Pro247Gln	missense variant	Uncertain significance
NM_003331.5(TYK2):c.740C>T (p.Pro247Leu)	Pro247Leu	missense variant	Uncertain significance
NM_003331.5(TYK2):c.739C>T (p.Pro247Ser)	Pro247Ser	missense variant	Uncertain significance
NM_003331.5(TYK2):c.737A>G (p.Gln246Arg)	Gln246Arg	missense variant	Uncertain significance
NM_003331.5(TYK2):c.735C>G (p.Phe245Leu)	Phe245Leu	missense variant	Uncertain significance
NM_003331.5(TYK2):c.728G>A (p.Arg243Gln)	Arg243Gln	missense variant	Uncertain significance
NM_003331.5(TYK2):c.727C>T (p.Arg243Trp)	Arg243Trp	missense variant	Uncertain significance
NM_003331.5(TYK2):c.716G>A (p.Arg239His)	Arg239His	missense variant|intron variant	Uncertain significance
NM_003331.5(TYK2):c.709G>T (p.Val237Phe)	Val237Phe	missense variant|intron variant	Uncertain significance
NM_003331.5(TYK2):c.704G>A (p.Arg235Gln)	Arg235Gln	missense variant|intron variant	Uncertain significance
NM_003331.5(TYK2):c.703C>T (p.Arg235Trp)	Arg235Trp	missense variant|intron variant	Uncertain significance
NM_003331.5(TYK2):c.698G>A (p.Arg233His)	Arg233His	missense variant|intron variant	Uncertain significance
NM_003331.5(TYK2):c.697C>T (p.Arg233Cys)	Arg233Cys	missense variant|intron variant	Uncertain significance
NM_003331.5(TYK2):c.692G>C (p.Arg231Pro)	Arg231Pro	missense variant|intron variant	Uncertain significance
NM_003331.5(TYK2):c.692G>A (p.Arg231Gln)	Arg231Gln	missense variant	Uncertain significance
NM_003331.5(TYK2):c.670C>T (p.Arg224Trp)	Arg224Trp	missense variant	Uncertain significance
NM_003331.5(TYK2):c.661C>T (p.Arg221Trp)	Arg221Trp	missense variant	Uncertain significance
NM_003331.5(TYK2):c.659G>T (p.Arg220Leu)	Arg220Leu	missense variant|intron variant	Uncertain significance
NM_003331.5(TYK2):c.659G>A (p.Arg220His)	Arg220His	missense variant|intron variant	Uncertain significance
NM_003331.5(TYK2):c.658C>T (p.Arg220Cys)	Arg220Cys	missense variant	Uncertain significance
NM_003331.5(TYK2):c.655T>C (p.Phe219Leu)	Phe219Leu	missense variant|intron variant	Uncertain significance
NM_003331.5(TYK2):c.653C>T (p.Ser218Phe)	Ser218Phe	missense variant|intron variant	Uncertain significance
NM_003331.5(TYK2):c.653C>G (p.Ser218Cys)	Ser218Cys	missense variant|intron variant	Uncertain significance
NM_003331.5(TYK2):c.650G>A (p.Arg217His)	Arg217His	missense variant|intron variant	Uncertain significance
NM_003331.5(TYK2):c.649C>T (p.Arg217Cys)	Arg217Cys	missense variant	Uncertain significance
NM_003331.5(TYK2):c.647C>T (p.Pro216Leu)	Pro216Leu	missense variant|intron variant	Uncertain significance
NM_003331.5(TYK2):c.602C>T (p.Pro201Leu)	Pro201Leu	missense variant	Uncertain significance
NM_003331.5(TYK2):c.589C>G (p.Arg197Gly)	Arg197Gly	missense variant	Uncertain significance
NM_003331.5(TYK2):c.589C>T (p.Arg197Cys)	Arg197Cys	missense variant	Uncertain significance
NM_003331.5(TYK2):c.583G>T (p.Ala195Ser)	Ala195Ser	missense variant	Uncertain significance
NM_003331.5(TYK2):c.583G>A (p.Ala195Thr)	Ala195Thr	missense variant	Uncertain significance
NM_003331.5(TYK2):c.580C>T (p.Leu194Phe)	Leu194Phe	missense variant	Uncertain significance
NM_003331.5(TYK2):c.572T>C (p.Leu191Pro)	Leu191Pro	missense variant	Uncertain significance
NM_003331.5(TYK2):c.553G>A (p.Gly185Ser)	Gly185Ser	missense variant	Uncertain significance
NM_003331.5(TYK2):c.525G>C (p.Glu175Asp)	Glu175Asp	missense variant	Uncertain significance
NM_003331.5(TYK2):c.518A>G (p.Glu173Gly)	Glu173Gly	missense variant	Uncertain significance
NM_003331.5(TYK2):c.517G>A (p.Glu173Lys)	Glu173Lys	missense variant	Uncertain significance
NM_003331.5(TYK2):c.505G>A (p.Glu169Lys)	Glu169Lys	missense variant	Uncertain significance
NM_003331.5(TYK2):c.493G>A (p.Ala165Thr)	Ala165Thr	missense variant	Uncertain significance
NM_003331.5(TYK2):c.490G>A (p.Val164Met)	Val164Met	missense variant	Uncertain significance
NM_003331.5(TYK2):c.490G>T (p.Val164Leu)	Val164Leu	missense variant	Uncertain significance
NM_003331.5(TYK2):c.449A>G (p.Glu150Gly)	Glu150Gly	missense variant	Uncertain significance
NM_003331.5(TYK2):c.446T>C (p.Phe149Ser)	Phe149Ser	missense variant	Uncertain significance
NM_003331.5(TYK2):c.437C>T (p.Pro146Leu)	Pro146Leu	missense variant	Uncertain significance
NM_003331.5(TYK2):c.422T>C (p.Met141Thr)	Met141Thr	missense variant	Uncertain significance
NM_003331.5(TYK2):c.406C>A (p.Gln136Lys)	Gln136Lys	missense variant	Uncertain significance
NM_003331.5(TYK2):c.373T>C (p.Cys125Arg)	Cys125Arg	missense variant	Uncertain significance
NM_003331.5(TYK2):c.370C>T (p.Arg124Cys)	Arg124Cys	missense variant	Uncertain significance
NM_003331.5(TYK2):c.359C>T (p.Pro120Leu)	Pro120Leu	missense variant	Uncertain significance
NM_003331.5(TYK2):c.352C>T (p.Arg118Trp)	Arg118Trp	missense variant	Uncertain significance
NM_003331.5(TYK2):c.349C>T (p.Pro117Ser)	Pro117Ser	missense variant	Uncertain significance
NM_003331.5(TYK2):c.333C>G (p.Asn111Lys)	Asn111Lys	missense variant	Uncertain significance
NM_003331.5(TYK2):c.329G>A (p.Arg110Gln)	Arg110Gln	missense variant	Uncertain significance
NM_003331.5(TYK2):c.328C>T (p.Arg110Trp)	Arg110Trp	missense variant	Uncertain significance
NM_003331.5(TYK2):c.311G>A (p.Arg104His)	Arg104His	missense variant	Uncertain significance
NM_003331.5(TYK2):c.286G>T (p.Asp96Tyr)	Asp96Tyr	missense variant	Uncertain significance
NM_003331.5(TYK2):c.284G>A (p.Arg95Lys)	Arg95Lys	missense variant	Uncertain significance
NM_003331.5(TYK2):c.281C>G (p.Pro94Arg)	Pro94Arg	missense variant	Uncertain significance
NM_003331.5(TYK2):c.277A>T (p.Ile93Phe)	Ile93Phe	missense variant	Uncertain significance
NM_003331.5(TYK2):c.276G>C (p.Glu92Asp)	Glu92Asp	missense variant	Uncertain significance
NM_003331.5(TYK2):c.262A>G (p.Asn88Asp)	Asn88Asp	missense variant	Uncertain significance
NM_003331.5(TYK2):c.260C>T (p.Pro87Leu)	Pro87Leu	missense variant	Uncertain significance
NM_003331.5(TYK2):c.256C>A (p.Pro86Thr)	Pro86Thr	missense variant	Uncertain significance
NM_003331.5(TYK2):c.248T>C (p.Val83Ala)	Val83Ala	missense variant	Uncertain significance
NM_003331.5(TYK2):c.232G>A (p.Asp78Asn)	Asp78Asn	missense variant	Uncertain significance
NM_003331.5(TYK2):c.232G>T (p.Asp78Tyr)	Asp78Tyr	missense variant	Uncertain significance
NM_003331.5(TYK2):c.211T>C (p.Phe71Leu)	Phe71Leu	missense variant	Uncertain significance
NM_003331.5(TYK2):c.202C>G (p.Pro68Ala)	Pro68Ala	missense variant	Uncertain significance
NM_003331.5(TYK2):c.200C>G (p.Thr67Ser)	Thr67Ser	missense variant	Uncertain significance
NM_003331.5(TYK2):c.187A>G (p.Lys63Glu)	Lys63Glu	missense variant	Uncertain significance
NM_003331.5(TYK2):c.179T>C (p.Ile60Thr)	Ile60Thr	missense variant	Uncertain significance
NM_003331.5(TYK2):c.178A>G (p.Ile60Val)	Ile60Val	missense variant	Uncertain significance
NM_003331.5(TYK2):c.149C>T (p.Ser50Leu)	Ser50Leu	missense variant	Uncertain significance
NM_003331.5(TYK2):c.125C>T (p.Pro42Leu)	Pro42Leu	missense variant	Uncertain significance
NM_003331.5(TYK2):c.124C>G (p.Pro42Ala)	Pro42Ala	missense variant	Uncertain significance
NM_003331.5(TYK2):c.124C>A (p.Pro42Thr)	Pro42Thr	missense variant	Uncertain significance
NM_003331.5(TYK2):c.118G>A (p.Gly40Arg)	Gly40Arg	missense variant	Uncertain significance
NM_003331.5(TYK2):c.80G>T (p.Gly27Val)	Gly27Val	missense variant	Uncertain significance
NM_003331.5(TYK2):c.80G>A (p.Gly27Asp)	Gly27Asp	missense variant	Uncertain significance
NM_003331.5(TYK2):c.65T>C (p.Met22Thr)	Met22Thr	missense variant	Uncertain significance
NM_003331.5(TYK2):c.64A>G (p.Met22Val)	Met22Val	missense variant	Uncertain significance
NM_003331.5(TYK2):c.59A>C (p.Gln20Pro)	Gln20Pro	missense variant	Uncertain significance
NM_003331.5(TYK2):c.55G>A (p.Ala19Thr)	Ala19Thr	missense variant	Uncertain significance
NM_003331.5(TYK2):c.43G>A (p.Val15Ile)	Val15Ile	missense variant	Uncertain significance
NM_003331.5(TYK2):c.43G>T (p.Val15Phe)	Val15Phe	missense variant	Uncertain significance
NM_003331.5(TYK2):c.36T>G (p.Ser12Arg)	Ser12Arg	missense variant	Uncertain significance
NM_003331.5(TYK2):c.34A>G (p.Ser12Gly)	Ser12Gly	missense variant	Uncertain significance
NM_003331.5(TYK2):c.16T>G (p.Trp6Gly)	Trp6Gly	missense variant	Uncertain significance
NM_003331.5(TYK2):c.16T>A (p.Trp6Arg)	Trp6Arg	missense variant	Uncertain significance
NM_003331.5(TYK2):c.15C>G (p.His5Gln)	His5Gln	missense variant	Uncertain significance
NM_003331.5(TYK2):c.11G>C (p.Arg4Pro)	Arg4Pro	missense variant	Uncertain significance
NM_003331.5(TYK2):c.11G>A (p.Arg4His)	Arg4His	missense variant	Uncertain significance